id,name,department,salary
1,Dougie,Research and Development,$23363.44
2,Alison,Human Resources,$9769.49
3,Anna-diane,Accounting,$14972.67
4,Stafford,Business Development,$17619.40
5,Marcella,Engineering,$13188.39
6,Lynda,Support,$13680.13
7,Saul,Services,$24530.96
8,Angelina,Business Development,$13426.57
9,Paula,Support,$23397.63
10,Raviv,Research and Development,$11466.41
11,Katheryn,Marketing,$21879.19
12,Tessie,Training,$6590.43
13,Kory,Engineering,$20910.21
14,Alwyn,Accounting,$17020.64
15,Lynde,Legal,$12041.37
16,Demetri,Accounting,$17351.39
17,Fawne,Product Management,$9914.47
18,Shaun,Accounting,$15719.40
19,Udall,Training,$18679.09
20,Marlyn,Product Management,$13906.52
21,Wolfie,Accounting,$21165.12
22,Aldous,Product Management,$16545.66
23,Jeramey,Business Development,$23813.44
24,Aldwin,Accounting,$18725.43
25,Sky,Legal,$11425.31
26,Alano,Marketing,$17283.14
27,Bee,Research and Development,$23887.58
28,Henryetta,Legal,$14208.43
29,Oby,Accounting,$18762.57
30,Sapphire,Human Resources,$6126.48
31,Fabiano,Training,$21287.34
32,Gloria,Legal,$15429.87
33,Melodee,Accounting,$20022.98
34,Jae,Human Resources,$16920.98
35,Billy,Accounting,$11490.71
36,Edd,Support,$17346.77
37,Dennis,Engineering,$13644.97
38,Zedekiah,Sales,$21064.32
39,Emilia,Services,$21993.64
40,Seline,Training,$19967.54
41,Mella,Services,$21440.70
42,Jordanna,Support,$21792.51
43,Blondell,Marketing,$23337.61
44,Enrika,Engineering,$19285.57
45,Thorny,Marketing,$20894.49
46,Ethelred,Research and Development,$12708.66
47,Aggi,Research and Development,$24887.47
48,De witt,Sales,$20674.12
49,Early,Marketing,$20840.02
50,Brandy,Legal,$13244.88
51,Irving,Training,$16365.27
52,Natty,Accounting,$16115.61
53,Vinnie,Legal,$13126.45
54,Shelly,Support,$7020.24
55,Gianina,Marketing,$23945.30
56,Georgeanna,Business Development,$23638.62
57,Anallise,Human Resources,$6819.34
58,Bernetta,Human Resources,$23848.56
59,Jamima,Human Resources,$15972.38
60,Pen,Accounting,$23082.78
61,Joachim,Marketing,$8241.19
62,Maurise,Marketing,$7172.91
63,Thatch,Research and Development,$11366.24
64,Lari,Services,$8802.72
65,Fara,Sales,$15189.14
66,Alethea,Sales,$9581.16
67,Dov,Marketing,$15381.52
68,Moe,Product Management,$6705.46
69,Kerby,Sales,$19254.31
70,Issiah,Business Development,$7071.38
71,Brook,Training,$18448.34
72,Sallyanne,Product Management,$14764.14
73,Vidovik,Engineering,$13012.61
74,Bel,Legal,$12696.84
75,Eldridge,Engineering,$22215.57
76,Wallas,Sales,$24620.75
77,Lonnard,Legal,$11669.54
78,Eirena,Sales,$18556.46
79,Elsbeth,Research and Development,$14220.56
80,Ignazio,Sales,$12116.97
81,Bennie,Human Resources,$8111.94
82,Sherwin,Legal,$8621.16
83,Granger,Services,$15701.08
84,Bethany,Marketing,$21803.81
85,Alf,Engineering,$23580.91
86,Arlan,Engineering,$16949.46
87,Frederigo,Training,$13704.51
88,Robyn,Marketing,$11529.78
89,Trueman,Marketing,$9720.22
90,Pate,Training,$20755.20
91,Rustie,Training,$16767.03
92,Angelita,Training,$6342.85
93,Clyde,Business Development,$18599.77
94,Ivonne,Accounting,$19613.31
95,Tan,Marketing,$9153.21
96,Dov,Training,$19284.62
97,Calida,Product Management,$16155.39
98,Annamarie,Business Development,$19440.46
99,Daphna,Accounting,$12682.22
100,Ancell,Research and Development,$17635.03
101,Taryn,Support,$10397.39
102,Ced,Accounting,$21366.70
103,Alleen,Sales,$6061.29
104,Ly,Legal,$14170.75
105,Belvia,Support,$11995.67
106,Bourke,Engineering,$23185.53
107,Stephan,Research and Development,$22285.16
108,Mohammed,Accounting,$19029.47
109,Zea,Human Resources,$15128.90
110,Janenna,Accounting,$22633.69
111,Rob,Legal,$24932.95
112,Gabbie,Engineering,$22741.67
113,Morgana,Legal,$21680.60
114,Rena,Training,$23335.57
115,Royce,Research and Development,$9042.62
116,Grannie,Marketing,$24929.76
117,Candice,Research and Development,$13550.89
118,Arielle,Business Development,$7920.19
119,Irene,Business Development,$17525.10
120,Gustavus,Sales,$13175.42
121,Alva,Sales,$19731.07
122,Erin,Sales,$24405.01
123,Dalila,Product Management,$11288.01
124,Arnoldo,Training,$16509.13
125,Tuck,Research and Development,$11940.87
126,Boniface,Business Development,$6116.98
127,Florian,Business Development,$24650.42
128,Lorelle,Support,$16464.51
129,Thadeus,Services,$12702.89
130,Brantley,Product Management,$12122.90
131,Franciskus,Legal,$14983.72
132,Mayor,Services,$6440.48
133,Hildy,Services,$19431.34
134,Coral,Support,$24609.65
135,Tami,Marketing,$6300.17
136,Bernie,Human Resources,$13859.72
137,Felicle,Research and Development,$6152.43
138,Egan,Training,$22780.56
139,Eolanda,Accounting,$23366.84
140,Goldy,Human Resources,$19211.13
141,Harlene,Support,$12822.27
142,Trish,Engineering,$17374.50
143,Skipton,Marketing,$23415.48
144,Cammy,Business Development,$14710.12
145,Dix,Human Resources,$22628.96
146,Gunter,Support,$6602.60
147,Farand,Engineering,$22447.72
148,Galen,Product Management,$10487.35
149,Caron,Human Resources,$16282.35
150,Siouxie,Engineering,$12562.27
151,Matthiew,Business Development,$18122.98
152,Pansy,Human Resources,$9620.65
153,Fernandina,Sales,$11675.51
154,Yardley,Training,$16907.63
155,Felecia,Support,$7191.13
156,Mireielle,Accounting,$20729.42
157,Tani,Marketing,$15034.93
158,Kile,Accounting,$19622.70
159,Nolly,Accounting,$16090.75
160,Haslett,Accounting,$7941.10
161,Kaila,Business Development,$8677.32
162,Kyle,Engineering,$12660.39
163,Chelsy,Accounting,$6914.77
164,Izaak,Human Resources,$18877.89
165,Gilbertina,Sales,$21559.38
166,Cloe,Sales,$6350.37
167,Anestassia,Sales,$9974.76
168,Yule,Legal,$18636.45
169,Salome,Product Management,$19701.84
170,Gal,Marketing,$6853.83
171,Viviene,Engineering,$16967.79
172,Dorena,Legal,$16290.02
173,Dona,Training,$24509.97
174,Ceciley,Product Management,$12168.78
175,Charmaine,Services,$17489.45
176,Oliy,Product Management,$12017.24
177,Cassandry,Business Development,$17949.24
178,Perl,Research and Development,$11650.68
179,Bambi,Human Resources,$11732.03
180,Sutherlan,Sales,$21959.66
181,Ulberto,Marketing,$7713.64
182,Susana,Product Management,$14375.78
183,Levin,Services,$8134.32
184,Jefferson,Human Resources,$8079.68
185,Blondy,Accounting,$7649.62
186,Lesly,Engineering,$23059.96
187,Clerc,Support,$8730.41
188,Tricia,Product Management,$10335.61
189,Hebert,Legal,$10978.85
190,Pietrek,Accounting,$24393.44
191,Cliff,Legal,$11724.56
192,Genia,Product Management,$6695.85
193,Ephraim,Services,$14416.86
194,Layla,Human Resources,$24010.51
195,Rich,Legal,$21331.75
196,Kipp,Legal,$12708.28
197,Holly-anne,Sales,$13518.30
198,Lowell,Accounting,$23215.17
199,Antin,Services,$11850.68
200,Esther,Engineering,$18727.87
201,Murdock,Training,$14706.22
202,Anneliese,Marketing,$15934.85
203,Danyelle,Product Management,$23452.73
204,Barri,Services,$22812.52
205,Alyosha,Training,$16978.30
206,Elroy,Product Management,$16146.54
207,Hank,Accounting,$11473.29
208,Gwyneth,Services,$16016.21
209,Britteny,Marketing,$10847.26
210,Alejandrina,Support,$10953.25
211,Hendrika,Accounting,$9857.03
212,Conni,Business Development,$7341.94
213,Aurore,Legal,$14624.32
214,Julie,Engineering,$18021.17
215,Cosme,Support,$16886.50
216,Marsha,Accounting,$12857.88
217,Meris,Legal,$7973.08
218,Lynn,Services,$17113.18
219,Budd,Support,$13395.00
220,Louie,Training,$12196.93
221,Jacob,Support,$18524.85
222,Mac,Product Management,$7074.55
223,Wini,Engineering,$11857.66
224,Simonette,Support,$6805.83
225,Lonnie,Accounting,$12034.71
226,Nobie,Training,$6581.75
227,Levey,Legal,$9953.04
228,Teodora,Support,$16018.39
229,Concordia,Marketing,$9039.48
230,Hynda,Product Management,$23982.93
231,Genna,Accounting,$6211.03
232,Laurene,Business Development,$13589.31
233,Normie,Support,$14713.41
234,Eolande,Research and Development,$7739.90
235,Maureene,Legal,$19199.04
236,Gaston,Training,$15278.96
237,Therese,Services,$6610.07
238,Arne,Engineering,$15649.17
239,Abrahan,Research and Development,$7486.85
240,Cleopatra,Accounting,$18677.93
241,Kimmie,Research and Development,$11677.23
242,Eugine,Marketing,$20310.87
243,Marilyn,Legal,$7966.28
244,Fulton,Services,$17078.79
245,Lilias,Legal,$9360.94
246,Gifford,Legal,$19173.92
247,Aigneis,Marketing,$15311.23
248,Berni,Services,$6716.31
249,Marv,Marketing,$17874.67
250,Ronalda,Product Management,$7874.67
251,Herbie,Sales,$12654.09
252,Laetitia,Marketing,$8940.45
253,Alexina,Support,$24882.64
254,Udale,Sales,$14715.99
255,Benson,Human Resources,$19847.26
256,Rolf,Product Management,$21793.44
257,Paloma,Training,$17337.90
258,Elvin,Accounting,$16708.69
259,Sande,Business Development,$22964.77
260,Moyra,Training,$9191.12
261,Godart,Research and Development,$15787.73
262,Gill,Services,$9636.53
263,Tomasine,Support,$7145.38
264,Enrico,Engineering,$14168.29
265,Brucie,Human Resources,$13434.41
266,Clary,Marketing,$17224.11
267,Forrest,Legal,$10127.90
268,Kelvin,Product Management,$11469.81
269,Hanson,Product Management,$9948.19
270,Virginia,Marketing,$10134.75
271,Maddalena,Sales,$21084.49
272,Stella,Sales,$19448.72
273,Smith,Sales,$23082.28
274,Stoddard,Research and Development,$17614.36
275,Oswell,Accounting,$12721.10
276,Paton,Support,$8884.56
277,Aylmer,Training,$14030.20
278,Jan,Engineering,$24523.55
279,Townie,Accounting,$7043.66
280,Lainey,Accounting,$14564.00
281,Dorella,Research and Development,$22334.79
282,Christa,Research and Development,$21688.34
283,Amandy,Marketing,$15758.90
284,Nadine,Marketing,$24914.57
285,Gino,Research and Development,$15731.12
286,Hoyt,Sales,$13490.14
287,Peyter,Legal,$9809.31
288,Riki,Marketing,$16841.58
289,Dodie,Training,$12689.54
290,Lorene,Legal,$17792.90
291,Stanislaw,Engineering,$15754.22
292,Sandye,Research and Development,$13233.05
293,Ariel,Training,$20827.26
294,Neall,Services,$21930.86
295,Ivette,Accounting,$20084.07
296,Wilone,Research and Development,$12888.34
297,Olia,Legal,$17305.37
298,Gabbey,Sales,$19889.55
299,Gun,Support,$13962.09
300,Georgiana,Business Development,$6789.71
301,Pamella,Research and Development,$9482.39
302,Joyce,Research and Development,$24754.46
303,Kata,Legal,$15749.65
304,Leslie,Research and Development,$20912.64
305,Paolina,Support,$7803.08
306,Osgood,Engineering,$7693.21
307,Toni,Support,$24739.59
308,Adina,Legal,$15791.95
309,Sena,Accounting,$9622.21
310,Genia,Marketing,$19242.76
311,Cecil,Engineering,$11250.93
312,Bibby,Marketing,$17894.44
313,Gabie,Legal,$14286.32
314,Lanny,Research and Development,$10716.60
315,Luella,Sales,$14173.96
316,Keely,Human Resources,$22385.62
317,Arne,Training,$9640.56
318,Clyve,Product Management,$15593.48
319,Evy,Services,$7196.31
320,Shandeigh,Accounting,$12633.16
321,Shannen,Engineering,$12780.39
322,Ted,Legal,$20186.51
323,Durant,Marketing,$12065.83
324,Helsa,Marketing,$8740.07
325,Annmaria,Human Resources,$17638.82
326,Torey,Legal,$6021.09
327,Kaitlyn,Marketing,$7910.60
328,Sisile,Business Development,$8943.27
329,Morgan,Accounting,$14523.24
330,Riki,Training,$15378.10
331,Nicolas,Services,$7200.83
332,Zuzana,Services,$9884.38
333,Edee,Sales,$18060.77
334,Bartram,Business Development,$21322.64
335,Elena,Engineering,$16786.02
336,Ethe,Product Management,$13394.59
337,Arlinda,Product Management,$23757.32
338,Shane,Services,$23226.61
339,Chanda,Research and Development,$16070.73
340,Batsheva,Engineering,$16473.94
341,Hedvig,Business Development,$10667.69
342,Brinn,Marketing,$20222.45
343,Robers,Human Resources,$20626.70
344,Jakie,Sales,$15945.83
345,Athena,Sales,$10271.50
346,Ermentrude,Training,$11466.63
347,Mei,Product Management,$7111.77
348,Cherilynn,Sales,$12650.35
349,Katleen,Human Resources,$23553.57
350,Vidovik,Services,$18635.41
351,Darin,Services,$13808.35
352,Byram,Training,$15561.65
353,George,Business Development,$24281.37
354,Nancie,Marketing,$7885.60
355,Chic,Business Development,$20547.79
356,Della,Services,$9216.94
357,Katrina,Legal,$14426.26
358,Norry,Sales,$19848.52
359,Lamont,Sales,$8547.97
360,Toinette,Accounting,$15945.24
361,Willie,Legal,$24569.68
362,Dennis,Product Management,$10888.67
363,Leticia,Legal,$23584.07
364,Candie,Research and Development,$18772.84
365,Blair,Accounting,$7729.13
366,Jacquetta,Services,$24626.79
367,Colet,Research and Development,$15227.68
368,Cammie,Sales,$22215.87
369,Rickie,Support,$24026.35
370,Hedvige,Research and Development,$24503.09
371,Wittie,Support,$16167.27
372,Eolanda,Sales,$21919.28
373,Berkly,Human Resources,$13433.46
374,Kanya,Marketing,$16663.35
375,Bernice,Engineering,$8816.80
376,Tessie,Accounting,$6484.57
377,Ingrid,Engineering,$21794.03
378,Faina,Marketing,$11806.76
379,Marita,Engineering,$23188.26
380,Violante,Services,$16905.63
381,Imogene,Product Management,$21449.85
382,Edee,Sales,$12700.84
383,Nadeen,Human Resources,$22609.72
384,Oran,Product Management,$22422.00
385,Orel,Business Development,$9748.36
386,Durand,Legal,$12073.36
387,Dev,Engineering,$18459.08
388,Alleyn,Sales,$21174.88
389,Valencia,Accounting,$24503.98
390,Feodora,Sales,$24286.50
391,Inigo,Product Management,$6663.36
392,Stephani,Business Development,$11827.28
393,Marlena,Human Resources,$11448.13
394,Hilarius,Support,$15598.87
395,Tawsha,Legal,$6086.00
396,Ulick,Human Resources,$23015.65
397,Aluino,Sales,$18181.48
398,Keith,Sales,$13390.94
399,Danit,Legal,$10901.98
400,Dido,Sales,$9607.84
401,Lilas,Marketing,$22065.33
402,Casandra,Sales,$18565.73
403,Marline,Marketing,$24561.45
404,Sancho,Marketing,$23997.56
405,Wilma,Marketing,$16304.01
406,Sansone,Accounting,$11362.13
407,Melantha,Engineering,$24635.28
408,Tamar,Business Development,$24524.07
409,Lisabeth,Sales,$19327.92
410,Mahalia,Services,$18357.98
411,Ennis,Research and Development,$12080.35
412,Adela,Engineering,$24316.65
413,Michal,Marketing,$8170.97
414,Melita,Support,$24375.96
415,Geoff,Support,$15340.08
416,Mannie,Engineering,$11022.08
417,Sofie,Business Development,$15183.63
418,Waverly,Human Resources,$16453.88
419,Ferris,Marketing,$21365.58
420,Northrop,Engineering,$7679.18
421,Nanon,Marketing,$7356.21
422,Marylin,Business Development,$10286.92
423,Merilee,Training,$13511.42
424,York,Sales,$9197.36
425,Austina,Legal,$22552.02
426,Susanne,Product Management,$12122.84
427,Ardene,Marketing,$11350.18
428,Thomasa,Services,$22400.15
429,Jocelyne,Services,$8427.57
430,Erda,Services,$16503.86
431,Clare,Legal,$22899.90
432,Mata,Research and Development,$9378.94
433,Aguie,Marketing,$16356.62
434,Beulah,Marketing,$12028.90
435,Fiann,Support,$22824.54
436,Vitoria,Business Development,$19788.11
437,Webb,Legal,$21808.51
438,Muhammad,Business Development,$12234.68
439,Starr,Support,$15027.37
440,Marcello,Sales,$10805.52
441,Milt,Engineering,$21552.75
442,Jillene,Accounting,$7510.55
443,Daria,Services,$20883.07
444,Adriane,Business Development,$19469.42
445,Molli,Services,$8336.05
446,Genevra,Engineering,$9768.79
447,Lorilee,Product Management,$19780.07
448,Lexie,Product Management,$6012.69
449,Pat,Legal,$24864.85
450,Claudio,Product Management,$18995.41
451,Giustino,Support,$17380.79
452,Brucie,Product Management,$7916.90
453,Aridatha,Marketing,$20168.13
454,Alvinia,Sales,$10637.54
455,Anna-maria,Services,$19819.72
456,Lora,Support,$8675.82
457,Tasha,Human Resources,$15081.70
458,Ward,Training,$19232.34
459,Grace,Sales,$9804.95
460,Wilone,Engineering,$21808.30
461,Kacie,Product Management,$15243.93
462,Kamillah,Services,$19450.08
463,Darcey,Accounting,$12060.61
464,Wylie,Services,$21100.00
465,Margaretta,Services,$7923.39
466,Marga,Support,$11903.38
467,Cosmo,Business Development,$18934.02
468,Mickey,Legal,$24809.58
469,Terrel,Services,$7662.01
470,Nettie,Services,$23995.10
471,Issiah,Human Resources,$20189.24
472,Wilone,Support,$7337.49
473,Ester,Human Resources,$10245.90
474,Fabe,Marketing,$13868.82
475,Verne,Services,$10039.84
476,Cello,Marketing,$14878.77
477,Tim,Sales,$16947.72
478,Kaile,Services,$19181.79
479,Winnie,Business Development,$17120.41
480,Dun,Support,$12191.75
481,Orson,Sales,$6866.85
482,Ginnie,Support,$13977.62
483,Pegeen,Business Development,$20366.86
484,Myrtice,Accounting,$13849.37
485,Hammad,Legal,$20875.48
486,Eveline,Human Resources,$15483.53
487,Claiborne,Services,$20562.53
488,Riley,Human Resources,$22811.73
489,Marabel,Support,$13989.96
490,Sinclair,Support,$9277.24
491,Frankie,Business Development,$10761.94
492,Therese,Support,$12608.66
493,Sibylle,Support,$11812.79
494,Jard,Accounting,$13571.81
495,Sherline,Engineering,$23880.55
496,Ariel,Business Development,$18701.78
497,Amber,Accounting,$12832.78
498,Hashim,Research and Development,$6465.59
499,Mose,Accounting,$18135.19
500,Camilla,Business Development,$15109.47
